ID;REGIAO;MUNICIPIO/BAIRRO;OPM ;RISP;AISP;COORPIN
1;Capital;Acupe;26ª CIPM - Brotas;Atlântico;06 - Brotas;DEPOM
2;Capital;Aeroporto;15ª CIPM - Itapuã;Atlântico;12 - Itapuã;DEPOM
3;Capital;Águas Claras;3ª CIPM - Cajazeiras;Central;13 - Cajazeiras;DEPOM
4;Capital;Alto da Terezinha;18ª CIPM - Periperi;BTS;05 - Periperi;DEPOM
5;Capital;Alto das Pombas;41ª CIPM - Federação;Atlântico;07 - Rio Vermelho;DEPOM
6;Capital;Alto do Cabrito;14ª CIPM - Lobato;BTS;05 - Periperi;DEPOM
7;Capital;Alto do Coqueirinho;15ª CIPM - Itapuã;Atlântico;12 - Itapuã;DEPOM
8;Capital;Amaralina;40ª CIPM - Nordeste de Amaralina;Atlântico;15 - Nordeste de Amaralina;DEPOM
10;Capital;Arenoso;23ª CIPM - Tancredo Neves;Central;11 - Tancredo Neves;DEPOM
11;Capital;Arraial do Retiro;23ª CIPM - Tancredo Neves;Central;11 - Tancredo Neves;DEPOM
12;Capital;Bairro da Paz;15ª CIPM - Itapuã;Atlântico;12 - Itapuã;DEPOM
13;Capital;Baixa de Quintas;37ª CIPM - Liberdade;BTS;02 - Liberdade;DEPOM
14;Capital;Barbalho;2ª CIPM - Barbalho;BTS;01 - Barris;DEPOM
15;Capital;Barra;11ª CIPM - Barra;Atlântico;14 - Barra;DEPOM
16;Capital;Barreiras;23ª CIPM - Tancredo Neves;Central;11 - Tancredo Neves;DEPOM
17;Capital;Barris;18º BPM - Centro Histórico;BTS;01 - Barris;DEPOM
18;Capital;Beiru/Tancredo Neves;23ª CIPM - Tancredo Neves;Central;11 - Tancredo Neves;DEPOM
19;Capital;Boa Viagem;17ª CIPM - Uruguai;BTS;03 - Bonfim;DEPOM
20;Capital;Boa Vista de Brotas;26ª CIPM - Brotas;Atlântico;06 - Brotas;DEPOM
21;Capital;Boa Vista de São Caetano;9ª CIPM - Pirajá;BTS;04 - São Caetano;DEPOM
22;Capital;Boca da Mata;3ª CIPM - Cajazeiras;Central;13 - Cajazeiras;DEPOM
23;Capital;Boca do Rio;39ª CIPM - Boca do Rio;Atlântico;09 - Boca do Rio;DEPOM
24;Capital;Bom Juá;9ª CIPM - Pirajá;BTS;04 - São Caetano;DEPOM
25;Capital;Bonfim;17ª CIPM - Uruguai;BTS;03 - Bonfim;DEPOM
26;Capital;Brotas;26ª CIPM - Brotas;Atlântico;06 - Brotas;DEPOM
27;Capital;Cabula;23ª CIPM - Tancredo Neves;Central;11 - Tancredo Neves;DEPOM
28;Capital;Cabula VI;23ª CIPM - Tancredo Neves;Central;11 - Tancredo Neves;DEPOM
29;Capital;Caixa D´Água;37ª CIPM - Liberdade;BTS;02 - Liberdade;DEPOM
30;Capital;Cajazeiras II;3ª CIPM - Cajazeiras;Central;13 - Cajazeiras;DEPOM
31;Capital;Cajazeiras IV;3ª CIPM - Cajazeiras;Central;13 - Cajazeiras;DEPOM
32;Capital;Cajazeiras V;3ª CIPM - Cajazeiras;Central;13 - Cajazeiras;DEPOM
33;Capital;Cajazeiras VI;3ª CIPM - Cajazeiras;Central;13 - Cajazeiras;DEPOM
34;Capital;Cajazeiras VII;3ª CIPM - Cajazeiras;Central;13 - Cajazeiras;DEPOM
35;Capital;Cajazeiras VIII;3ª CIPM - Cajazeiras;Central;13 - Cajazeiras;DEPOM
36;Capital;Cajazeiras X;3ª CIPM - Cajazeiras;Central;13 - Cajazeiras;DEPOM
37;Capital;Cajazeiras XI;3ª CIPM - Cajazeiras;Central;13 - Cajazeiras;DEPOM
38;Capital;Calabar;41ª CIPM - Federação;Atlântico;07 - Rio Vermelho;DEPOM
39;Capital;Calabetão;48ª CIPM - Sussuarana;Central;11 - Tancredo Neves;DEPOM
40;Capital;Calçada;16ª CIPM - Comércio;BTS;03 - Bonfim;DEPOM
41;Capital;Caminho das Árvores;35ª CIPM - Iguatemi;Atlântico;16 - Pituba;DEPOM
42;Capital;Caminho de Areia;17ª CIPM - Uruguai;BTS;03 - Bonfim;DEPOM
43;Capital;Campinas de Pirajá;9ª CIPM - Pirajá;BTS;04 - São Caetano;DEPOM
44;Capital;Canabrava;50ª CIPM - Sete de Abril;Central;10 - Pau da Lima;DEPOM
45;Capital;Candeal;26ª CIPM - Brotas;Atlântico;06 - Brotas;DEPOM
46;Capital;Canela;18º BPM - Centro Histórico;BTS;01 - Barris;DEPOM
47;Capital;Capelinha;9ª CIPM - Pirajá;BTS;04 - São Caetano;DEPOM
48;Capital;Cassange;49ª CIPM - São Cristóvão;Atlântico;12 - Itapuã;DEPOM
49;Capital;Castelo Branco;47ª CIPM - Pau da Lima;Central;10 - Pau da Lima;DEPOM
50;Capital;Centro;18º BPM - Centro Histórico;BTS;01 - Barris;DEPOM
51;Capital;Centro Administrativo da Bahia;82ª CIPM - CAB;Central;11 - Tancredo Neves;DEPOM
52;Capital;Centro Histórico;18º BPM - Centro Histórico;BTS;01 - Barris;DEPOM
53;Capital;Chapada do Rio Vermelho;40ª CIPM - Nordeste de Amaralina;Atlântico;15 - Nordeste de Amaralina;DEPOM
54;Capital;Cidade Nova;37ª CIPM - Liberdade;BTS;02 - Liberdade;DEPOM
55;Capital;Comércio;16ª CIPM - Comércio;BTS;03 - Bonfim;DEPOM
56;Capital;Cosme de Farias;58ª CIPM - Cosme de Farias;Atlântico;06 - Brotas;DEPOM
57;Capital;Costa Azul;39ª CIPM - Boca do Rio;Atlântico;09 - Boca do Rio;DEPOM
58;Capital;Coutos;18ª CIPM - Periperi;BTS;05 - Periperi;DEPOM
59;Capital;Curuzu;37ª CIPM - Liberdade;BTS;02 - Liberdade;DEPOM
60;Capital;Dom Avelar;47ª CIPM - Pau da Lima;Central;10 - Pau da Lima;DEPOM
61;Capital;Doron;23ª CIPM - Tancredo Neves;Central;11 - Tancredo Neves;DEPOM
62;Capital;Engenho Velho da Federação;41ª CIPM - Federação;Atlântico;07 - Rio Vermelho;DEPOM
63;Capital;Engenho Velho de Brotas;26ª CIPM - Brotas;Atlântico;06 - Brotas;DEPOM
64;Capital;Engomadeira;23ª CIPM - Tancredo Neves;Central;11 - Tancredo Neves;DEPOM
65;Capital;Fazenda Coutos;19ª CIPM - Paripe;BTS;05 - Periperi;DEPOM
66;Capital;Fazenda Grande do Retiro;9ª CIPM - Pirajá;BTS;04 - São Caetano;DEPOM
67;Capital;Fazenda Grande I;3ª CIPM - Cajazeiras;Central;13 - Cajazeiras;DEPOM
68;Capital;Fazenda Grande II;3ª CIPM - Cajazeiras;Central;13 - Cajazeiras;DEPOM
69;Capital;Fazenda Grande III;3ª CIPM - Cajazeiras;Central;13 - Cajazeiras;DEPOM
70;Capital;Fazenda Grande IV;3ª CIPM - Cajazeiras;Central;13 - Cajazeiras;DEPOM
71;Capital;Federação;41ª CIPM - Federação;Atlântico;07 - Rio Vermelho;DEPOM
72;Capital;Garcia;18º BPM - Centro Histórico;BTS;01 - Barris;DEPOM
73;Capital;Graça;11ª CIPM - Barra;Atlântico;14 - Barra;DEPOM
74;Capital;Granjas Rurais Presidente Vargas;48ª CIPM - Sussuarana;Central;11 - Tancredo Neves;DEPOM
75;Capital;IAPI;37ª CIPM - Liberdade;BTS;02 - Liberdade;DEPOM
77;Capital;Ilha de Maré;19ª CIPM - Paripe;BTS;05 - Periperi;DEPOM
79;Capital;Imbuí;39ª CIPM - Boca do Rio;Atlântico;09 - Boca do Rio;DEPOM
80;Capital;Itacaranha;14ª CIPM - Lobato;BTS;05 - Periperi;DEPOM
81;Capital;Itaigara;35ª CIPM - Iguatemi;Atlântico;16 - Pituba;DEPOM
82;Capital;Itapuã;15ª CIPM - Itapuã;Atlântico;12 - Itapuã;DEPOM
84;Capital;Jaguaripe I;3ª CIPM - Cajazeiras;Central;13 - Cajazeiras;DEPOM
85;Capital;Jardim Armação;39ª CIPM - Boca do Rio;Atlântico;09 - Boca do Rio;DEPOM
86;Capital;Jardim Cajazeiras;47ª CIPM - Pau da Lima;Central;10 - Pau da Lima;DEPOM
87;Capital;Jardim das Margaridas;49ª CIPM - São Cristóvão;Atlântico;12 - Itapuã;DEPOM
88;Capital;Jardim Nova Esperança;50ª CIPM - Sete de Abril;Central;10 - Pau da Lima;DEPOM
89;Capital;Jardim Santo Inácio;48ª CIPM - Sussuarana;Central;11 - Tancredo Neves;DEPOM
90;Capital;Lapinha;37ª CIPM - Liberdade;BTS;02 - Liberdade;DEPOM
91;Capital;Liberdade;37ª CIPM - Liberdade;BTS;02 - Liberdade;DEPOM
92;Capital;Lobato;14ª CIPM - Lobato;BTS;05 - Periperi;DEPOM
93;Capital;Luiz Anselmo;58ª CIPM - Cosme de Farias;Atlântico;06 - Brotas;DEPOM
94;Capital;Macaúbas;2ª CIPM - Barbalho;BTS;01 - Barris;DEPOM
95;Capital;Mangueira;17ª CIPM - Uruguai;BTS;03 - Bonfim;DEPOM
96;Capital;Marechal Rondon;9ª CIPM - Pirajá;BTS;04 - São Caetano;DEPOM
97;Capital;Mares;16ª CIPM - Comércio;BTS;03 - Bonfim;DEPOM
98;Capital;Massaranduba;17ª CIPM - Uruguai;BTS;03 - Bonfim;DEPOM
99;Capital;Mata Escura;48ª CIPM - Sussuarana;Central;11 - Tancredo Neves;DEPOM
100;Capital;Matatu;58ª CIPM - Cosme de Farias;Atlântico;06 - Brotas;DEPOM
101;Capital;Monte Serrat;17ª CIPM - Uruguai;BTS;03 - Bonfim;DEPOM
102;Capital;Moradas da Lagoa;31ª CIPM - Valéria;BTS;08 - CIA;DEPOM
103;Capital;Mussurunga;49ª CIPM - São Cristóvão;Atlântico;12 - Itapuã;DEPOM
104;Capital;Narandiba;23ª CIPM - Tancredo Neves;Central;11 - Tancredo Neves;DEPOM
105;Capital;Nazaré;2ª CIPM - Barbalho;BTS;01 - Barris;DEPOM
106;Capital;Nordeste de Amaralina;40ª CIPM - Nordeste de Amaralina;Atlântico;15 - Nordeste de Amaralina;DEPOM
107;Capital;Nova Brasília;50ª CIPM - Sete de Abril;Central;10 - Pau da Lima;DEPOM
108;Capital;Nova Constituinte;18ª CIPM - Periperi;BTS;05 - Periperi;DEPOM
109;Capital;Nova Esperança;49ª CIPM - São Cristóvão;Atlântico;12 - Itapuã;DEPOM
110;Capital;Nova Sussuarana;48ª CIPM - Sussuarana;Central;11 - Tancredo Neves;DEPOM
111;Capital;Novo Horizonte;48ª CIPM - Sussuarana;Central;11 - Tancredo Neves;DEPOM
112;Capital;Novo Marotinho;50ª CIPM - Sete de Abril;Central;10 - Pau da Lima;DEPOM
113;Capital;Ondina;12ª CIPM - Rio Vermelho;Atlântico;07 - Rio Vermelho;DEPOM
114;Capital;Palestina;31ª CIPM - Valéria;BTS;08 - CIA;DEPOM
115;Capital;Paripe;19ª CIPM - Paripe;BTS;05 - Periperi;DEPOM
116;Capital;Patamares;15ª CIPM - Itapuã;Atlântico;12 - Itapuã;DEPOM
117;Capital;Pau da Lima;47ª CIPM - Pau da Lima;Central;10 - Pau da Lima;DEPOM
118;Capital;Pau Miúdo;37ª CIPM - Liberdade;BTS;02 - Liberdade;DEPOM
119;Capital;Periperi;18ª CIPM - Periperi;BTS;05 - Periperi;DEPOM
120;Capital;Pernambués;1ª CIPM - Pernambués;Central;11 - Tancredo Neves;DEPOM
121;Capital;Pero Vaz;37ª CIPM - Liberdade;BTS;02 - Liberdade;DEPOM
122;Capital;Piatã;15ª CIPM - Itapuã;Atlântico;12 - Itapuã;DEPOM
123;Capital;Pirajá;9ª CIPM - Pirajá;BTS;04 - São Caetano;DEPOM
124;Capital;Pituaçu;39ª CIPM - Boca do Rio;Atlântico;09 - Boca do Rio;DEPOM
125;Capital;Pituba;13ª CIPM - Pituba;Atlântico;16 - Pituba;DEPOM
126;Capital;Plataforma;14ª CIPM - Lobato;BTS;05 - Periperi;DEPOM
127;Capital;Porto Seco Pirajá;47ª CIPM - Pau da Lima;Central;10 - Pau da Lima;DEPOM
128;Capital;Praia Grande;18ª CIPM - Periperi;BTS;05 - Periperi;DEPOM
129;Capital;Resgate;23ª CIPM - Tancredo Neves;Central;11 - Tancredo Neves;DEPOM
130;Capital;Retiro;9ª CIPM - Pirajá;BTS;04 - São Caetano;DEPOM
131;Capital;Ribeira;17ª CIPM - Uruguai;BTS;03 - Bonfim;DEPOM
132;Capital;Rio Sena;18ª CIPM - Periperi;BTS;05 - Periperi;DEPOM
133;Capital;Rio Vermelho;12ª CIPM - Rio Vermelho;Atlântico;07 - Rio Vermelho;DEPOM
134;Capital;Roma;17ª CIPM - Uruguai;BTS;03 - Bonfim;DEPOM
135;Capital;Saboeiro;23ª CIPM - Tancredo Neves;Central;11 - Tancredo Neves;DEPOM
136;Capital;Santa Cruz;40ª CIPM - Nordeste de Amaralina;Atlântico;15 - Nordeste de Amaralina;DEPOM
137;Capital;Santa Luzia;16ª CIPM - Comércio;BTS;03 - Bonfim;DEPOM
138;Capital;Santa Mônica;37ª CIPM - Liberdade;BTS;02 - Liberdade;DEPOM
139;Capital;Santo Agostinho;58ª CIPM - Cosme de Farias;Atlântico;06 - Brotas;DEPOM
140;Capital;Santo Antônio;18º BPM - Centro Histórico;BTS;01 - Barris;DEPOM
141;Capital;São Caetano;9ª CIPM - Pirajá;BTS;04 - São Caetano;DEPOM
142;Capital;São Cristóvão;49ª CIPM - São Cristóvão;Atlântico;12 - Itapuã;DEPOM
143;Capital;São Gonçalo;23ª CIPM - Tancredo Neves;Central;11 - Tancredo Neves;DEPOM
144;Capital;São João do Cabrito;14ª CIPM - Lobato;BTS;05 - Periperi;DEPOM
145;Capital;São Marcos;47ª CIPM - Pau da Lima;Central;10 - Pau da Lima;DEPOM
146;Capital;São Rafael;50ª CIPM - Sete de Abril;Central;10 - Pau da Lima;DEPOM
147;Capital;São Tomé;19ª CIPM - Paripe;BTS;05 - Periperi;DEPOM
148;Capital;Saramandaia;1ª CIPM - Pernambués;Central;11 - Tancredo Neves;DEPOM
149;Capital;Saúde;2ª CIPM - Barbalho;BTS;01 - Barris;DEPOM
150;Capital;Sete de Abril;50ª CIPM - Sete de Abril;Central;10 - Pau da Lima;DEPOM
151;Capital;Stella Maris;15ª CIPM - Itapuã;Atlântico;12 - Itapuã;DEPOM
152;Capital;STIEP;39ª CIPM - Boca do Rio;Atlântico;09 - Boca do Rio;DEPOM
153;Capital;Sussuarana;48ª CIPM - Sussuarana;Central;11 - Tancredo Neves;DEPOM
154;Capital;Tororó;2ª CIPM - Barbalho;BTS;01 - Barris;DEPOM
155;Capital;Trobogy;50ª CIPM - Sete de Abril;Central;10 - Pau da Lima;DEPOM
156;Capital;Uruguai;17ª CIPM - Uruguai;BTS;03 - Bonfim;DEPOM
157;Capital;Vale das Pedrinhas;40ª CIPM - Nordeste de Amaralina;Atlântico;15 - Nordeste de Amaralina;DEPOM
158;Capital;Vale dos Lagos;50ª CIPM - Sete de Abril;Central;10 - Pau da Lima;DEPOM
159;Capital;Valéria;31ª CIPM - Valéria;BTS;08 - CIA;DEPOM
160;Capital;Vila Canária;47ª CIPM - Pau da Lima;Central;10 - Pau da Lima;DEPOM
161;Capital;Vila Laura;58ª CIPM - Cosme de Farias;Atlântico;06 - Brotas;DEPOM
162;Capital;Vila Ruy Barbosa/Jardim Cruzeiro;17ª CIPM - Uruguai;BTS;03 - Bonfim;DEPOM
163;Capital;Vitória;11ª CIPM - Barra;Atlântico;14 - Barra;DEPOM
11058;Capital;Paralela Trecho Bairro da Paz;82ª CIPM - CAB;Central;11 - Tancredo Neves;DEPOM
11059;Capital;Paralela Trecho Cabula;82ª CIPM - CAB;Central;11 - Tancredo Neves;DEPOM
11060;Capital;Paralela Trecho Canabrava;82ª CIPM - CAB;Central;11 - Tancredo Neves;DEPOM
11061;Capital;Paralela Trecho Centro Administrativo da Bahia;82ª CIPM - CAB;Central;11 - Tancredo Neves;DEPOM
11062;Capital;Paralela Trecho Imbuí;82ª CIPM - CAB;Central;11 - Tancredo Neves;DEPOM
11063;Capital;Paralela Trecho Itapuã;82ª CIPM - CAB;Central;11 - Tancredo Neves;DEPOM
11064;Capital;Paralela Trecho Mussurunga;82ª CIPM - CAB;Central;11 - Tancredo Neves;DEPOM
11065;Capital;Paralela Trecho Narandiba;82ª CIPM - CAB;Central;11 - Tancredo Neves;DEPOM
11066;Capital;Paralela Trecho Patamares;82ª CIPM - CAB;Central;11 - Tancredo Neves;DEPOM
11067;Capital;Paralela Trecho Piatã;82ª CIPM - CAB;Central;11 - Tancredo Neves;DEPOM
11068;Capital;Paralela Trecho Pituaçu;82ª CIPM - CAB;Central;11 - Tancredo Neves;DEPOM
11069;Capital;Paralela Trecho Saboeiro;82ª CIPM - CAB;Central;11 - Tancredo Neves;DEPOM
11070;Capital;Paralela Trecho São Cristóvão;82ª CIPM - CAB;Central;11 - Tancredo Neves;DEPOM
11071;Capital;Paralela Trecho São Rafael;82ª CIPM - CAB;Central;11 - Tancredo Neves;DEPOM
11072;Capital;Paralela Trecho Trobogy;82ª CIPM - CAB;Central;11 - Tancredo Neves;DEPOM
11073;Capital;Paralela Trecho Vale dos Lagos;82ª CIPM - CAB;Central;11 - Tancredo Neves;DEPOM
30353;Capital;Dois de Julho;18º BPM - Centro Histórico;BTS;01 - Barris;DEPOM
30354;Capital;Ilha Amarela;14ª CIPM - Lobato;BTS;05 - Periperi;DEPOM
30355;Capital;Horto Florestal;26ª CIPM - Brotas;Atlântico;06 - Brotas;DEPOM
30356;Capital;Vista Alegre;18ª CIPM - Periperi;BTS;05 - Periperi;DEPOM
30357;Capital;Colinas de Periperi;18ª CIPM - Periperi;BTS;05 - Periperi;DEPOM
30358;Capital;Mirantes de Periperi;18ª CIPM - Periperi;BTS;05 - Periperi;DEPOM
30359;Capital;Chame-Chame;12ª CIPM - Rio Vermelho;Atlântico;07 - Rio Vermelho;DEPOM
30360;Capital;Paralela Trecho Stiep;82ª CIPM - CAB;Central;11 - Tancredo Neves;DEPOM
30361;Capital;Paralela Trecho Pernambués;82ª CIPM - CAB;Central;11 - Tancredo Neves;DEPOM
290010;Interior;Abaíra;29ª CIPM - Seabra;Chapada;Chapada Diamantina;13ª COORPIN - SEABRA
290020;Interior;Abaré;20º BPM - Paulo Afonso;Nordeste;Itaparica;18ª COORPIN - PAULO AFONSO
290030;Interior;Acajutiba;6ª CIPM - Rio Real;Leste;Litoral Norte Agreste Baiano;2ª COORPIN - ALAGOINHAS
290035;Interior;Adustina;21ª CIPM - Cipó;Nordeste;Semiárido;25ª COORPIN - EUCLIDES DA CUNHA
290040;Interior;Água Fria;97ª CIPM - Irará;Leste;Portal do Sertão;2ª COORPIN - ALAGOINHAS
290050;Interior;Érico Cardoso;4ª CIPM - Macaúbas;Meio-Oeste;Bacia do Paramirim;20ª COORPIN - BRUMADO
290060;Interior;Aiquara;55ª CIPM - Ipiaú;Sudoeste;Médio Rio de Contas;9ª COORPIN - JEQUIE
290070;Interior;Alagoinhas;4º BPM - Alagoinhas;Leste;Litoral Norte Agreste Baiano;2ª COORPIN - ALAGOINHAS
290080;Interior;Alcobaça;88ª CIPM - Alcobaça;Extremo Sul;Extremo Sul;8ª COORPIN - TEIXEIRA DE FREITAS
290090;Interior;Almadina;15º BPM - Itabuna;Sul;Litoral Sul;6ª COORPIN - ITABUNA
290100;Interior;Amargosa;99ª CIPM - Amargosa;Recôncavo;Vale do Jiquiriçá;4ª COORPIN - SANTO ANTONIO DE JESUS
290110;Interior;Amélia Rodrigues;97ª CIPM - Irará;Leste;Portal do Sertão;3ª COORPIN - SANTO AMARO
290115;Interior;América Dourada;7º BPM - Irecê;Meio-Oeste;Irecê;14ª COORPIN - IRECE
290120;Interior;Anagé;79ª CIPM - Poções;Sudoeste;Sudoeste Baiano;10ª COORPIN - VITORIA DA CONQUISTA
290130;Interior;Andaraí;42ª CIPM - Lençóis;Chapada;Chapada Diamantina;13ª COORPIN - SEABRA
290135;Interior;Andorinha;6º BPM - Senhor do Bonfim;Norte;Piemonte Norte do Itapicuru;19ª COORPIN - SENHOR DO BONFIM
290140;Interior;Angical;84ª CIPM - Barreiras;Oeste;Bacia do Rio Grande;11ª COORPIN - BARREIRAS
290150;Interior;Anguera;57ª CIPM - Santo Estevão;Leste;Portal do Sertão;1ª COORPIN - FEIRA DE SANTANA
290160;Interior;Antas;5º BPM - Euclides da Cunha;Nordeste;Semiárido;25ª COORPIN - EUCLIDES DA CUNHA
290170;Interior;Antônio Cardoso;57ª CIPM - Santo Estevão;Leste;Portal do Sertão;1ª COORPIN - FEIRA DE SANTANA
290180;Interior;Antônio Gonçalves;54ª CIPM - Campo Formoso;Norte;Piemonte Norte do Itapicuru;19ª COORPIN - SENHOR DO BONFIM
290190;Interior;Aporá;6ª CIPM - Rio Real;Leste;Litoral Norte Agreste Baiano;2ª COORPIN - ALAGOINHAS
290195;Interior;Apuarema;19º BPM - Jequié;Sudoeste;Médio Rio de Contas;9ª COORPIN - JEQUIE
290200;Interior;Aracatu;79ª CIPM - Poções;Sudoeste;Sudoeste Baiano;20ª COORPIN - BRUMADO
290205;Interior;Araçás;4º BPM - Alagoinhas;Leste;Litoral Norte Agreste Baiano;2ª COORPIN - ALAGOINHAS
290210;Interior;Araci;16º BPM - Serrinha;Nordeste;Sisal;15ª COORPIN - SERRINHA
290220;Interior;Aramari;4º BPM - Alagoinhas;Leste;Litoral Norte Agreste Baiano;2ª COORPIN - ALAGOINHAS
290225;Interior;Arataca;62ª CIPM - Camacan;Sul;Litoral Sul;6ª COORPIN - ITABUNA
290230;Interior;Aratuípe;14º BPM - Santo Antônio de Jesus;Recôncavo;Recôncavo;4ª COORPIN - SANTO ANTONIO DE JESUS
290240;Interior;Aurelino Leal;61ª CIPM - Ubaitaba;Sul;Litoral Sul;7ª COORPIN - ILHEUS
290250;Interior;Baianópolis;83ª CIPM - Barreiras;Oeste;Bacia do Rio Grande;11ª COORPIN - BARREIRAS
290260;Interior;Baixa Grande;98ª CIPM - Ipirá;Chapada;Bacia do Jacuípe;12ª COORPIN - ITABERABA
290265;Interior;Banzaê;5º BPM - Euclides da Cunha;Nordeste;Semiárido;25ª COORPIN - EUCLIDES DA CUNHA
290270;Interior;Barra;28ª CIPM - Ibotirama;Meio-Oeste;Velho Chico;24ª COORPIN - BOM JESUS DA LAPA
290280;Interior;Barra Da Estiva;24º BPM - Brumado;Sudoeste;Sertão Produtivo;20ª COORPIN - BRUMADO
290290;Interior;Barra Do Choça;92ª CIPM - Vitória da Conquista;Sudoeste;Sudoeste Baiano;10ª COORPIN - VITORIA DA CONQUISTA
290300;Interior;Barra Do Mendes;7º BPM - Irecê;Meio-Oeste;Irecê;14ª COORPIN - IRECE
290310;Interior;Barra Do Rocha;55ª CIPM - Ipiaú;Sudoeste;Médio Rio de Contas;9ª COORPIN - JEQUIE
290320;Interior;Barreiras;83ª CIPM e 84ª CIPM - Barreiras;Oeste;Bacia do Rio Grande;11ª COORPIN - BARREIRAS
290323;Interior;Barro Alto;7º BPM - Irecê;Meio-Oeste;Irecê;14ª COORPIN - IRECE
290327;Interior;Barrocas;16º BPM - Serrinha;Nordeste;Sisal;15ª COORPIN - SERRINHA
290330;Interior;Barro Preto;15º BPM - Itabuna;Sul;Litoral Sul;6ª COORPIN - ITABUNA
290340;Interior;Belmonte;8º BPM - Porto Seguro;Extremo Sul;Costa do Descobrimento;23ª COORPIN - EUNAPOLIS
290350;Interior;Belo Campo;80ª CIPM - Cândido Sales;Sudoeste;Sudoeste Baiano;10ª COORPIN - VITORIA DA CONQUISTA
290360;Interior;Biritinga;16º BPM - Serrinha;Nordeste;Sisal;15ª COORPIN - SERRINHA
290370;Interior;Boa Nova;55ª CIPM - Ipiaú;Sudoeste;Médio Rio de Contas;10ª COORPIN - VITORIA DA CONQUISTA
290380;Interior;Boa Vista Do Tupim;11º BPM - Itaberaba;Chapada;Piemonte do Paraguaçu;12ª COORPIN - ITABERABA
290390;Interior;Bom Jesus Da Lapa;38ª CIPM - Bom Jesus da Lapa;Meio-Oeste;Velho Chico;24ª COORPIN - BOM JESUS DA LAPA
290395;Interior;Bom Jesus Da Serra;79ª CIPM - Poções;Sudoeste;Sudoeste Baiano;10ª COORPIN - VITORIA DA CONQUISTA
290400;Interior;Boninal;29ª CIPM - Seabra;Chapada;Chapada Diamantina;13ª COORPIN - SEABRA
290405;Interior;Bonito;7º BPM - Irecê;Meio-Oeste;Irecê;14ª COORPIN - IRECE
290410;Interior;Boquira;4ª CIPM - Macaúbas;Meio-Oeste;Bacia do Paramirim;24ª COORPIN - BOM JESUS DA LAPA
290420;Interior;Botuporã;4ª CIPM - Macaúbas;Meio-Oeste;Bacia do Paramirim;20ª COORPIN - BRUMADO
290430;Interior;Brejões;99ª CIPM - Amargosa;Recôncavo;Vale do Jiquiriçá;9ª COORPIN - JEQUIE
290440;Interior;Brejolândia;30ª CIPM - Santa Maria da Vitória;Oeste;Bacia do Rio Corrente;24ª COORPIN - BOM JESUS DA LAPA
290450;Interior;Brotas De Macaúbas;28ª CIPM - Ibotirama;Meio-Oeste;Velho Chico;13ª COORPIN - SEABRA
290460;Interior;Brumado;24º BPM - Brumado;Sudoeste;Sertão Produtivo;20ª COORPIN - BRUMADO
290470;Interior;Buerarema;15º BPM - Itabuna;Sul;Litoral Sul;6ª COORPIN - ITABUNA
290475;Interior;Buritirama;86ª CIPM - Formosa do Rio Preto;Oeste;Bacia do Rio Grande;24ª COORPIN - BOM JESUS DA LAPA
290480;Interior;Caatiba;8ª CIPM - Itapetinga;Sul;Médio Sudoeste da Bahia;21ª COORPIN - ITAPETINGA
290485;Interior;Cabaceiras Do Paraguaçu;27ª CIPM - Cruz das Almas;Recôncavo;Recôncavo;4ª COORPIN - SANTO ANTONIO DE JESUS
290490;Interior;Cachoeira;20ª CIPM - Santo Amaro;Recôncavo;Recôncavo;4ª COORPIN - SANTO ANTONIO DE JESUS
290500;Interior;Caculé;94ª CIPM - Caetité;Sudoeste;Sertão Produtivo;22ª COORPIN - GUANAMBI
290510;Interior;Caém;24ª CIPM - Jacobina;Chapada;Piemonte da Diamantina;16ª COORPIN - JACOBINA
290515;Interior;Caetanos;79ª CIPM - Poções;Sudoeste;Sudoeste Baiano;10ª COORPIN - VITORIA DA CONQUISTA
290520;Interior;Caetité;94ª CIPM - Caetité;Sudoeste;Sertão Produtivo;22ª COORPIN - GUANAMBI
290530;Interior;Cafarnaum;7º BPM - Irecê;Meio-Oeste;Irecê;14ª COORPIN - IRECE
290540;Interior;Cairu;33ª CIPM - Valença;Recôncavo;Baixo Sul;5ª COORPIN - VALENÇA
290550;Interior;Caldeirão Grande;6º BPM - Senhor do Bonfim;Norte;Piemonte Norte do Itapicuru;16ª COORPIN - JACOBINA
290560;Interior;Camacan;62ª CIPM - Camacan;Sul;Litoral Sul;6ª COORPIN - ITABUNA
290570;RMS;Camaçari;12º BPM - Camaçari;RMS;22 - Camaçari;18ª DT - Camaçari
290580;Interior;Camamu;33ª CIPM - Valença;Recôncavo;Baixo Sul;5ª COORPIN - VALENÇA
290590;Interior;Campo Alegre De Lourdes;25ª CIPM - Casa Nova;Norte;Sertão do São Francisco;17ª COORPIN - JUAZEIRO
290600;Interior;Campo Formoso;54ª CIPM - Campo Formoso;Norte;Piemonte Norte do Itapicuru;19ª COORPIN - SENHOR DO BONFIM
290610;Interior;Canápolis;30ª CIPM - Santa Maria da Vitória;Oeste;Bacia do Rio Corrente;26ª COORPIN - SANTA MARIA DA VITORIA
290620;Interior;Canarana;7º BPM - Irecê;Meio-Oeste;Irecê;14ª COORPIN - IRECE
290630;Interior;Canavieiras;71ª CIPM - Canavieiras;Sul;Litoral Sul;7ª COORPIN - ILHEUS
290640;Interior;Candeal;16º BPM - Serrinha;Nordeste;Sisal;15ª COORPIN - SERRINHA
290650;RMS;Candeias;10ª CIPM - Candeias;RMS;26 - Candeias;20ª DT Candeias
290660;Interior;Candiba;17º BPM - Guanambi;Sudoeste;Sertão Produtivo;22ª COORPIN - GUANAMBI
290670;Interior;Cândido Sales;80ª CIPM - Cândido Sales;Sudoeste;Sudoeste Baiano;10ª COORPIN - VITORIA DA CONQUISTA
290680;Interior;Cansanção;16º BPM - Serrinha;Nordeste;Sisal;19ª COORPIN - SENHOR DO BONFIM
290682;Interior;Canudos;45ª CIPM - Curaçá;Norte;Sertão do São Francisco;25ª COORPIN - EUCLIDES DA CUNHA
290685;Interior;Capela Do Alto Alegre;90ª CIPM - Riachão do Jacuípe;Chapada;Bacia do Jacuípe;15ª COORPIN - SERRINHA
290687;Interior;Capim Grosso;91ª CIPM - Capim Grosso;Chapada;Bacia do Jacuípe;16ª COORPIN - JACOBINA
290689;Interior;Caraíbas;79ª CIPM - Poções;Sudoeste;Sudoeste Baiano;10ª COORPIN - VITORIA DA CONQUISTA
290690;Interior;Caravelas;88ª CIPM - Alcobaça;Extremo Sul;Extremo Sul;8ª COORPIN - TEIXEIRA DE FREITAS
290700;Interior;Cardeal Da Silva;56ª CIPM - Entre Rios;Leste;Litoral Norte Agreste Baiano;2ª COORPIN - ALAGOINHAS
290710;Interior;Carinhanha;38ª CIPM - Bom Jesus da Lapa;Meio-Oeste;Velho Chico;22ª COORPIN - GUANAMBI
290720;Interior;Casa Nova;25ª CIPM - Casa Nova;Norte;Sertão do São Francisco;17ª COORPIN - JUAZEIRO
290730;Interior;Castro Alves;27ª CIPM - Cruz das Almas;Recôncavo;Recôncavo;4ª COORPIN - SANTO ANTONIO DE JESUS
290740;Interior;Catolândia;83ª CIPM - Barreiras;Oeste;Bacia do Rio Grande;11ª COORPIN - BARREIRAS
290750;Interior;Catu;95ª CIPM - Catu;Leste;Litoral Norte Agreste Baiano;2ª COORPIN - ALAGOINHAS
290755;Interior;Caturama;4ª CIPM - Macaúbas;Meio-Oeste;Bacia do Paramirim;20ª COORPIN - BRUMADO
290760;Interior;Central;7º BPM - Irecê;Meio-Oeste;Irecê;14ª COORPIN - IRECE
290770;Interior;Chorrochó;20º BPM - Paulo Afonso;Nordeste;Itaparica;18ª COORPIN - PAULO AFONSO
290780;Interior;Cícero Dantas;5º BPM - Euclides da Cunha;Nordeste;Semiárido;25ª COORPIN - EUCLIDES DA CUNHA
290790;Interior;Cipó;21ª CIPM - Cipó;Nordeste;Semiárido;25ª COORPIN - EUCLIDES DA CUNHA
290800;Interior;Coaraci;15º BPM - Itabuna;Sul;Litoral Sul;6ª COORPIN - ITABUNA
290810;Interior;Cocos;30ª CIPM - Santa Maria da Vitória;Oeste;Bacia do Rio Corrente;26ª COORPIN - SANTA MARIA DA VITORIA
290820;Interior;Conceição Da Feira;67ª CIPM - Feira de Santana;Leste;Portal do Sertão;3ª COORPIN - SANTO AMARO
290830;Interior;Conceição Do Almeida;27ª CIPM - Cruz das Almas;Recôncavo;Recôncavo;4ª COORPIN - SANTO ANTONIO DE JESUS
290840;Interior;Conceição Do Coité;16º BPM - Serrinha;Nordeste;Sisal;15ª COORPIN - SERRINHA
290850;Interior;Conceição Do Jacuípe;97ª CIPM - Irará;Leste;Portal do Sertão;3ª COORPIN - SANTO AMARO
290860;Interior;Conde;51ª CIPM - Conde;Leste;Litoral Norte Agreste Baiano;2ª COORPIN - ALAGOINHAS
290870;Interior;Condeúba;80ª CIPM - Cândido Sales;Sudoeste;Sudoeste Baiano;10ª COORPIN - VITORIA DA CONQUISTA
290880;Interior;Contendas Do Sincorá;24º BPM - Brumado;Sudoeste;Sertão Produtivo;20ª COORPIN - BRUMADO
290890;Interior;Coração De Maria;97ª CIPM - Irará;Leste;Portal do Sertão;3ª COORPIN - SANTO AMARO
290900;Interior;Cordeiros;80ª CIPM - Cândido Sales;Sudoeste;Sudoeste Baiano;10ª COORPIN - VITORIA DA CONQUISTA
290910;Interior;Coribe;30ª CIPM - Santa Maria da Vitória;Oeste;Bacia do Rio Corrente;26ª COORPIN - SANTA MARIA DA VITORIA
290920;Interior;Coronel João Sá;20º BPM - Paulo Afonso;Nordeste;Itaparica;18ª COORPIN - PAULO AFONSO
290930;Interior;Correntina;30ª CIPM - Santa Maria da Vitória;Oeste;Bacia do Rio Corrente;26ª COORPIN - SANTA MARIA DA VITORIA
290940;Interior;Cotegipe;84ª CIPM - Barreiras;Oeste;Bacia do Rio Grande;11ª COORPIN - BARREIRAS
290950;Interior;Cravolândia;19º BPM - Jequié;Sudoeste;Médio Rio de Contas;9ª COORPIN - JEQUIE
290960;Interior;Crisópolis;6ª CIPM - Rio Real;Leste;Litoral Norte Agreste Baiano;2ª COORPIN - ALAGOINHAS
290970;Interior;Cristópolis;83ª CIPM - Barreiras;Oeste;Bacia do Rio Grande;11ª COORPIN - BARREIRAS
290980;Interior;Cruz Das Almas;27ª CIPM - Cruz das Almas;Recôncavo;Recôncavo;4ª COORPIN - SANTO ANTONIO DE JESUS
290990;Interior;Curaçá;45ª CIPM - Curaçá;Norte;Sertão do São Francisco;17ª COORPIN - JUAZEIRO
291000;Interior;Dário Meira;55ª CIPM - Ipiaú;Sudoeste;Médio Rio de Contas;9ª COORPIN - JEQUIE
291005;RMS;Dias D'Ávila;36ª CIPM - Dias D'Ávila;RMS;28 - Dias D’Ávila;25ª DT Dias D´ávila
291010;Interior;Dom Basílio;46ª CIPM - Livramento de Nossa Senhora;Sudoeste;Sertão Produtivo;20ª COORPIN - BRUMADO
291020;Interior;Dom Macêdo Costa;14º BPM - Santo Antônio de Jesus;Recôncavo;Recôncavo;4ª COORPIN - SANTO ANTONIO DE JESUS
291030;Interior;Elísio Medrado;99ª CIPM - Amargosa;Recôncavo;Vale do Jiquiriçá;4ª COORPIN - SANTO ANTONIO DE JESUS
291040;Interior;Encruzilhada;80ª CIPM - Cândido Sales;Sudoeste;Sudoeste Baiano;10ª COORPIN - VITORIA DA CONQUISTA
291050;Interior;Entre Rios;56ª CIPM - Entre Rios;Leste;Litoral Norte Agreste Baiano;2ª COORPIN - ALAGOINHAS
291060;Interior;Esplanada;56ª CIPM - Entre Rios;Leste;Litoral Norte Agreste Baiano;2ª COORPIN - ALAGOINHAS
291070;Interior;Euclides Da Cunha;5º BPM - Euclides da Cunha;Nordeste;Semiárido;25ª COORPIN - EUCLIDES DA CUNHA
291072;Interior;Eunápolis;7ª CIPM - Eunápolis;Extremo Sul;Costa do Descobrimento;23ª COORPIN - EUNAPOLIS
291075;Interior;Fátima;21ª CIPM - Cipó;Nordeste;Semiárido;25ª COORPIN - EUCLIDES DA CUNHA
291077;Interior;Feira Da Mata;38ª CIPM - Bom Jesus da Lapa;Meio-Oeste;Velho Chico;24ª COORPIN - BOM JESUS DA LAPA
291080;Interior;Feira De Santana;64ª CIPM, 65ª CIPM, 66ª CIPM e 67ª CIPM - Feira de Santana;Leste;Portal do Sertão;1ª COORPIN - FEIRA DE SANTANA
291085;Interior;Filadélfia;6º BPM - Senhor do Bonfim;Norte;Piemonte Norte do Itapicuru;19ª COORPIN - SENHOR DO BONFIM
291090;Interior;Firmino Alves;8ª CIPM - Itapetinga;Sul;Médio Sudoeste da Bahia;21ª COORPIN - ITAPETINGA
291100;Interior;Floresta Azul;63ª CIPM - Ibicaraí;Sul;Litoral Sul;6ª COORPIN - ITABUNA
291110;Interior;Formosa Do Rio Preto;86ª CIPM - Formosa do Rio Preto;Oeste;Bacia do Rio Grande;11ª COORPIN - BARREIRAS
291120;Interior;Gandú;60ª CIPM - Gandu;Recôncavo;Baixo Sul;5ª COORPIN - VALENÇA
291125;Interior;Gavião;91ª CIPM - Capim Grosso;Chapada;Bacia do Jacuípe;16ª COORPIN - JACOBINA
291130;Interior;Gentio Do Ouro;7º BPM - Irecê;Meio-Oeste;Irecê;14ª COORPIN - IRECE
291140;Interior;Glória;20º BPM - Paulo Afonso;Nordeste;Itaparica;18ª COORPIN - PAULO AFONSO
291150;Interior;Gongogi;55ª CIPM - Ipiaú;Sudoeste;Médio Rio de Contas;7ª COORPIN - ILHEUS
291160;Interior;Governador Mangabeira;27ª CIPM - Cruz das Almas;Recôncavo;Recôncavo;4ª COORPIN - SANTO ANTONIO DE JESUS
291165;Interior;Guajeru;79ª CIPM - Poções;Sudoeste;Sudoeste Baiano;20ª COORPIN - BRUMADO
291170;Interior;Guanambi;17º BPM - Guanambi;Sudoeste;Sertão Produtivo;22ª COORPIN - GUANAMBI
291180;Interior;Guaratinga;7ª CIPM - Eunápolis;Extremo Sul;Costa do Descobrimento;23ª COORPIN - EUNAPOLIS
291185;Interior;Heliópolis;21ª CIPM - Cipó;Nordeste;Semiárido;25ª COORPIN - EUCLIDES DA CUNHA
291190;Interior;Iaçu;11º BPM - Itaberaba;Chapada;Piemonte do Paraguaçu;12ª COORPIN - ITABERABA
291200;Interior;Ibiassucê;94ª CIPM - Caetité;Sudoeste;Sertão Produtivo;22ª COORPIN - GUANAMBI
291210;Interior;Ibicaraí;63ª CIPM - Ibicaraí;Sul;Litoral Sul;6ª COORPIN - ITABUNA
291220;Interior;Ibicoara;42ª CIPM - Lençóis;Chapada;Chapada Diamantina;20ª COORPIN - BRUMADO
291230;Interior;Ibicuí;8ª CIPM - Itapetinga;Sul;Médio Sudoeste da Bahia;21ª COORPIN - ITAPETINGA
291240;Interior;Ibipeba;7º BPM - Irecê;Meio-Oeste;Irecê;14ª COORPIN - IRECE
291250;Interior;Ibipitanga;4ª CIPM - Macaúbas;Meio-Oeste;Bacia do Paramirim;24ª COORPIN - BOM JESUS DA LAPA
291260;Interior;Ibiquera;11º BPM - Itaberaba;Chapada;Piemonte do Paraguaçu;12ª COORPIN - ITABERABA
291270;Interior;Ibirapitanga;60ª CIPM - Gandu;Recôncavo;Baixo Sul;7ª COORPIN - ILHEUS
291280;Interior;Ibirapuã;44ª CIPM - Medeiros Neto;Extremo Sul;Extremo Sul;8ª COORPIN - TEIXEIRA DE FREITAS
291290;Interior;Ibirataia;55ª CIPM - Ipiaú;Sudoeste;Médio Rio de Contas;9ª COORPIN - JEQUIE
291300;Interior;Ibitiara;29ª CIPM - Seabra;Chapada;Chapada Diamantina;13ª COORPIN - SEABRA
291310;Interior;Ibititá;7º BPM - Irecê;Meio-Oeste;Irecê;14ª COORPIN - IRECE
291320;Interior;Ibotirama;28ª CIPM - Ibotirama;Meio-Oeste;Velho Chico;24ª COORPIN - BOM JESUS DA LAPA
291330;Interior;Ichu;16º BPM - Serrinha;Nordeste;Sisal;15ª COORPIN - SERRINHA
291340;Interior;Igaporã;38ª CIPM - Bom Jesus da Lapa;Meio-Oeste;Velho Chico;22ª COORPIN - GUANAMBI
291345;Interior;Igrapiúna;33ª CIPM - Valença;Recôncavo;Baixo Sul;5ª COORPIN - VALENÇA
291350;Interior;Iguaí;8ª CIPM - Itapetinga;Sul;Médio Sudoeste da Bahia;21ª COORPIN - ITAPETINGA
291360;Interior;Ilhéus;68ª CIPM, 69ª CIPM e 70ª CIPM - Ilhéus;Sul;Litoral Sul;7ª COORPIN - ILHEUS
291370;Interior;Inhambupe;4º BPM - Alagoinhas;Leste;Litoral Norte Agreste Baiano;2ª COORPIN - ALAGOINHAS
291380;Interior;Ipecaetá;57ª CIPM - Santo Estevão;Leste;Portal do Sertão;1ª COORPIN - FEIRA DE SANTANA
291390;Interior;Ipiaú;55ª CIPM - Ipiaú;Sudoeste;Médio Rio de Contas;9ª COORPIN - JEQUIE
291400;Interior;Ipirá;98ª CIPM - Ipirá;Chapada;Bacia do Jacuípe;12ª COORPIN - ITABERABA
291410;Interior;Ipupiara;7º BPM - Irecê;Meio-Oeste;Irecê;13ª COORPIN - SEABRA
291420;Interior;Irajuba;93ª CIPM - Maracás;Recôncavo;Vale do Jiquiriçá;9ª COORPIN - JEQUIE
291430;Interior;Iramaia;42ª CIPM - Lençóis;Chapada;Chapada Diamantina;9ª COORPIN - JEQUIE
291440;Interior;Iraquara;29ª CIPM - Seabra;Chapada;Chapada Diamantina;13ª COORPIN - SEABRA
291450;Interior;Irará;97ª CIPM - Irará;Leste;Portal do Sertão;2ª COORPIN – ALAGOI-NHAS
291460;Interior;Irecê;7º BPM - Irecê;Meio-Oeste;Irecê;14ª COORPIN - IRECE
291465;Interior;Itabela;7ª CIPM - Eunápolis;Extremo Sul;Costa do Descobrimento;23ª COORPIN - EUNAPOLIS
291470;Interior;Itaberaba;11º BPM - Itaberaba;Chapada;Piemonte do Paraguaçu;12ª COORPIN - ITABERABA
291480;Interior;Itabuna;15º BPM - Itabuna;Sul;Litoral Sul;6ª COORPIN - ITABUNA
291490;Interior;Itacaré;72ª CIPM - Itacaré;Sul;Litoral Sul;7ª COORPIN - ILHEUS
291500;Interior;Itaeté;42ª CIPM - Lençóis;Chapada;Chapada Diamantina;12ª COORPIN - ITABERABA
291510;Interior;Itagi;19º BPM - Jequié;Sudoeste;Médio Rio de Contas;9ª COORPIN - JEQUIE
291520;Interior;Itagibá;55ª CIPM - Ipiaú;Sudoeste;Médio Rio de Contas;9ª COORPIN - JEQUIE
291530;Interior;Itagimirim;7ª CIPM - Eunápolis;Extremo Sul;Costa do Descobrimento;23ª COORPIN - EUNAPOLIS
291535;Interior;Itaguaçu Da Bahia;7º BPM - Irecê;Meio-Oeste;Irecê;14ª COORPIN - IRECE
291540;Interior;Itaju Do Colônia;63ª CIPM - Ibicaraí;Sul;Litoral Sul;6ª COORPIN - ITABUNA
291550;Interior;Itajuípe;15º BPM - Itabuna;Sul;Litoral Sul;6ª COORPIN - ITABUNA
291560;Interior;Itamaraju;43ª CIPM - Itamaraju;Extremo Sul;Extremo Sul;8ª COORPIN - TEIXEIRA DE FREITAS
291570;Interior;Itamari;19º BPM - Jequié;Sudoeste;Médio Rio de Contas;5ª COORPIN - VALENÇA
291580;Interior;Itambé;8ª CIPM - Itapetinga;Sul;Médio Sudoeste da Bahia;21ª COORPIN - ITAPETINGA
291590;Interior;Itanagra;4º BPM - Alagoinhas;Leste;Litoral Norte Agreste Baiano;2ª COORPIN - ALAGOINHAS
291600;Interior;Itanhém;44ª CIPM - Medeiros Neto;Extremo Sul;Extremo Sul;8ª COORPIN - TEIXEIRA DE FREITAS
291610;RMS;Itaparica;23º BPM - Vera Cruz;Recôncavo;Recôncavo;DEPOM - 19ª DT Itaparica
291620;Interior;Itapé;63ª CIPM - Ibicaraí;Sul;Litoral Sul;6ª COORPIN - ITABUNA
291630;Interior;Itapebi;7ª CIPM - Eunápolis;Extremo Sul;Costa do Descobrimento;23ª COORPIN - EUNAPOLIS
291640;Interior;Itapetinga;8ª CIPM - Itapetinga;Sul;Médio Sudoeste da Bahia;21ª COORPIN - ITAPETINGA
291650;Interior;Itapicuru;6ª CIPM - Rio Real;Leste;Litoral Norte Agreste Baiano;2ª COORPIN - ALAGOINHAS
291660;Interior;Itapitanga;61ª CIPM - Ubaitaba;Sul;Litoral Sul;6ª COORPIN - ITABUNA
291670;Interior;Itaquara;19º BPM - Jequié;Sudoeste;Médio Rio de Contas;9ª COORPIN - JEQUIE
291680;Interior;Itarantim;8ª CIPM - Itapetinga;Sul;Médio Sudoeste da Bahia;21ª COORPIN - ITAPETINGA
291685;Interior;Itatim;11º BPM - Itaberaba;Chapada;Piemonte do Paraguaçu;12ª COORPIN - ITABERABA
291690;Interior;Itiruçu;93ª CIPM - Maracás;Recôncavo;Vale do Jiquiriçá;9ª COORPIN - JEQUIE
291700;Interior;Itiúba;16º BPM - Serrinha;Nordeste;Sisal;19ª COORPIN - SENHOR DO BONFIM
291710;Interior;Itororó;8ª CIPM - Itapetinga;Sul;Médio Sudoeste da Bahia;21ª COORPIN - ITAPETINGA
291720;Interior;Ituaçu;24º BPM - Brumado;Sudoeste;Sertão Produtivo;20ª COORPIN - BRUMADO
291730;Interior;Ituberá;33ª CIPM - Valença;Recôncavo;Baixo Sul;5ª COORPIN - VALENÇA
291733;Interior;Iuiú;17º BPM - Guanambi;Sudoeste;Sertão Produtivo;22ª COORPIN - GUANAMBI
291735;Interior;Jaborandi;30ª CIPM - Santa Maria da Vitória;Oeste;Bacia do Rio Corrente;26ª COORPIN - SANTA MARIA DA VITORIA
291740;Interior;Jacaraci;94ª CIPM - Caetité;Sudoeste;Sertão Produtivo;22ª COORPIN - GUANAMBI
291750;Interior;Jacobina;24ª CIPM - Jacobina;Chapada;Piemonte da Diamantina;16ª COORPIN - JACOBINA
291760;Interior;Jaguaquara;19º BPM - Jequié;Sudoeste;Médio Rio de Contas;9ª COORPIN - JEQUIE
291770;Interior;Jaguarari;6º BPM - Senhor do Bonfim;Norte;Piemonte Norte do Itapicuru;19ª COORPIN - SENHOR DO BONFIM
291780;Interior;Jaguaripe;33ª CIPM - Valença;Recôncavo;Baixo Sul;4ª COORPIN - SANTO ANTONIO DE JESUS
291790;Interior;Jandaíra;6ª CIPM - Rio Real;Leste;Litoral Norte Agreste Baiano;2ª COORPIN - ALAGOINHAS
291800;Interior;Jequié;19º BPM - Jequié;Sudoeste;Médio Rio de Contas;9ª COORPIN - JEQUIE
291810;Interior;Jeremoabo;20º BPM - Paulo Afonso;Nordeste;Itaparica;18ª COORPIN - PAULO AFONSO
291820;Interior;Jiquiriçá;99ª CIPM - Amargosa;Recôncavo;Vale do Jiquiriçá;4ª COORPIN - SANTO ANTONIO DE JESUS
291830;Interior;Jitaúna;19º BPM - Jequié;Sudoeste;Médio Rio de Contas;9ª COORPIN - JEQUIE
291835;Interior;João Dourado;7º BPM - Irecê;Meio-Oeste;Irecê;14ª COORPIN - IRECE
291840;Interior;Juazeiro;73ª CIPM, 74ª CIPM, 75ª CIPM e 76ª CIPM - Juazeiro;Norte;Sertão do São Francisco;17ª COORPIN - JUAZEIRO
291845;Interior;Jucuruçu;43ª CIPM - Itamaraju;Extremo Sul;Extremo Sul;8ª COORPIN - TEIXEIRA DE FREITAS
291850;Interior;Jussara;7º BPM - Irecê;Meio-Oeste;Irecê;14ª COORPIN - IRECE
291855;Interior;Jussari;62ª CIPM - Camacan;Sul;Litoral Sul;6ª COORPIN - ITABUNA
291860;Interior;Jussiape;29ª CIPM - Seabra;Chapada;Chapada Diamantina;20ª COORPIN - BRUMADO
291870;Interior;Lafaiete Coutinho;93ª CIPM - Maracás;Recôncavo;Vale do Jiquiriçá;9ª COORPIN - JEQUIE
291875;Interior;Lagoa Real;94ª CIPM - Caetité;Sudoeste;Sertão Produtivo;22ª COORPIN - GUANAMBI
291880;Interior;Laje;14º BPM - Santo Antônio de Jesus;Recôncavo;Recôncavo;4ª COORPIN - SANTO ANTONIO DE JESUS
291890;Interior;Lajedão;44ª CIPM - Medeiros Neto;Extremo Sul;Extremo Sul;8ª COORPIN - TEIXEIRA DE FREITAS
291900;Interior;Lajedinho;11º BPM - Itaberaba;Chapada;Piemonte do Paraguaçu;12ª COORPIN - ITABERABA
291905;Interior;Lajedo Do Tabocal;93ª CIPM - Maracás;Recôncavo;Vale do Jiquiriçá;9ª COORPIN - JEQUIE
291910;Interior;Lamarão;16º BPM - Serrinha;Nordeste;Sisal;15ª COORPIN - SERRINHA
291915;Interior;Lapão;7º BPM - Irecê;Meio-Oeste;Irecê;14ª COORPIN - IRECE
291920;RMS;Lauro De Freitas;52ª CIPM - Lauro de Freitas;RMS;23 - Lauro de Freitas;23ª DT Lauro de Freitas
291930;Interior;Lençóis;42ª CIPM - Lençóis;Chapada;Chapada Diamantina;13ª COORPIN - SEABRA
291940;Interior;Licínio De Almeida;94ª CIPM - Caetité;Sudoeste;Sertão Produtivo;22ª COORPIN - GUANAMBI
291950;Interior;Livramento De Nossa Senhora;46ª CIPM - Livramento de Nossa Senhora;Sudoeste;Sertão Produtivo;20ª COORPIN - BRUMADO
291955;Interior;Luís Eduardo Magalhães;85ª CIPM - Luís Eduardo;Oeste;Bacia do Rio Grande;11ª COORPIN - BARREIRAS
291960;Interior;Macajuba;11º BPM - Itaberaba;Chapada;Piemonte do Paraguaçu;12ª COORPIN - ITABERABA
291970;Interior;Macarani;8ª CIPM - Itapetinga;Sul;Médio Sudoeste da Bahia;21ª COORPIN - ITAPETINGA
291980;Interior;Macaúbas;4ª CIPM - Macaúbas;Meio-Oeste;Bacia do Paramirim;24ª COORPIN - BOM JESUS DA LAPA
291990;Interior;Macururé;20º BPM - Paulo Afonso;Nordeste;Itaparica;18ª COORPIN - PAULO AFONSO
291992;RMS;Madre De Deus;10ª CIPM - Candeias;RMS;26 - Candeias;17ª DT Madre de Deus
291995;Interior;Maetinga;79ª CIPM - Poções;Sudoeste;Sudoeste Baiano;20ª COORPIN - BRUMADO
292000;Interior;Maiquinique;8ª CIPM - Itapetinga;Sul;Médio Sudoeste da Bahia;21ª COORPIN - ITAPETINGA
292010;Interior;Mairi;91ª CIPM - Capim Grosso;Chapada;Bacia do Jacuípe;16ª COORPIN - JACOBINA
292020;Interior;Malhada;38ª CIPM - Bom Jesus da Lapa;Meio-Oeste;Velho Chico;22ª COORPIN - GUANAMBI
292030;Interior;Malhada De Pedras;24º BPM - Brumado;Sudoeste;Sertão Produtivo;20ª COORPIN - BRUMADO
292040;Interior;Manoel Vitorino;19º BPM - Jequié;Sudoeste;Médio Rio de Contas;9ª COORPIN - JEQUIE
292045;Interior;Mansidão;86ª CIPM - Formosa do Rio Preto;Oeste;Bacia do Rio Grande;11ª COORPIN - BARREIRAS
292050;Interior;Maracás;93ª CIPM - Maracás;Recôncavo;Vale do Jiquiriçá;9ª COORPIN - JEQUIE
292060;Interior;Maragogipe;20ª CIPM - Santo Amaro;Recôncavo;Recôncavo;4ª COORPIN - SANTO ANTONIO DE JESUS
292070;Interior;Maraú;72ª CIPM - Itacaré;Sul;Litoral Sul;7ª COORPIN - ILHEUS
292080;Interior;Marcionílio Souza;42ª CIPM - Lençóis;Chapada;Chapada Diamantina;12ª COORPIN - ITABERABA
292090;Interior;Mascote;62ª CIPM - Camacan;Sul;Litoral Sul;6ª COORPIN - ITABUNA
292100;RMS;Mata De São João;53ª CIPM - Mata de São João;RMS;25 - Pojuca;DT Mata de São João 
292105;Interior;Matina;38ª CIPM - Bom Jesus da Lapa;Meio-Oeste;Velho Chico;22ª COORPIN - GUANAMBI
292110;Interior;Medeiros Neto;44ª CIPM - Medeiros Neto;Extremo Sul;Extremo Sul;8ª COORPIN - TEIXEIRA DE FREITAS
292120;Interior;Miguel Calmon;24ª CIPM - Jacobina;Chapada;Piemonte da Diamantina;16ª COORPIN - JACOBINA
292130;Interior;Milagres;99ª CIPM - Amargosa;Recôncavo;Vale do Jiquiriçá;12ª COORPIN - ITABERABA
292140;Interior;Mirangaba;24ª CIPM - Jacobina;Chapada;Piemonte da Diamantina;16ª COORPIN - JACOBINA
292145;Interior;Mirante;79ª CIPM - Poções;Sudoeste;Sudoeste Baiano;10ª COORPIN - VITORIA DA CONQUISTA
292150;Interior;Monte Santo;5º BPM - Euclides da Cunha;Nordeste;Semiárido;25ª COORPIN - EUCLIDES DA CUNHA
292160;Interior;Morpará;28ª CIPM - Ibotirama;Meio-Oeste;Velho Chico;24ª COORPIN - BOM JESUS DA LAPA
292170;Interior;Morro Do Chapéu;7º BPM - Irecê;Meio-Oeste;Irecê;14ª COORPIN - IRECE
292180;Interior;Mortugaba;80ª CIPM - Cândido Sales;Sudoeste;Sudoeste Baiano;10ª COORPIN - VITORIA DA CONQUISTA
292190;Interior;Mucugê;42ª CIPM - Lençóis;Chapada;Chapada Diamantina;13ª COORPIN - SEABRA
292200;Interior;Mucuri;89ª CIPM - Mucuri;Extremo Sul;Extremo Sul;8ª COORPIN - TEIXEIRA DE FREITAS
292205;Interior;Mulungu Do Morro;7º BPM - Irecê;Meio-Oeste;Irecê;14ª COORPIN - IRECE
292210;Interior;Mundo Novo;11º BPM - Itaberaba;Chapada;Piemonte do Paraguaçu;12ª COORPIN - ITABERABA
292220;Interior;Muniz Ferreira;14º BPM - Santo Antônio de Jesus;Recôncavo;Recôncavo;4ª COORPIN - SANTO ANTONIO DE JESUS
292225;Interior;Muquém Do São Francisco;28ª CIPM - Ibotirama;Meio-Oeste;Velho Chico;24ª COORPIN - BOM JESUS DA LAPA
292230;Interior;Muritiba;27ª CIPM - Cruz das Almas;Recôncavo;Recôncavo;4ª COORPIN - SANTO ANTONIO DE JESUS
292240;Interior;Mutuípe;14º BPM - Santo Antônio de Jesus;Recôncavo;Recôncavo;4ª COORPIN - SANTO ANTONIO DE JESUS
292250;Interior;Nazaré;14º BPM - Santo Antônio de Jesus;Recôncavo;Recôncavo;4ª COORPIN - SANTO ANTONIO DE JESUS
292260;Interior;Nilo Peçanha;33ª CIPM - Valença;Recôncavo;Baixo Sul;5ª COORPIN - VALENÇA
292265;Interior;Nordestina;16º BPM - Serrinha;Nordeste;Sisal;19ª COORPIN - SENHOR DO BONFIM
292270;Interior;Nova Canaã;8ª CIPM - Itapetinga;Sul;Médio Sudoeste da Bahia;21ª COORPIN - ITAPETINGA
292273;Interior;Nova Fátima;90ª CIPM - Riachão do Jacuípe;Chapada;Bacia do Jacuípe;15ª COORPIN - SERRINHA
292275;Interior;Nova Ibiá;19º BPM - Jequié;Sudoeste;Médio Rio de Contas;5ª COORPIN - VALENÇA
292280;Interior;Nova Itarana;93ª CIPM - Maracás;Recôncavo;Vale do Jiquiriçá;9ª COORPIN - JEQUIE
292285;Interior;Nova Redenção;42ª CIPM - Lençóis;Chapada;Chapada Diamantina;13ª COORPIN - SEABRA
292290;Interior;Nova Soure;21ª CIPM - Cipó;Nordeste;Semiárido;25ª COORPIN - EUCLIDES DA CUNHA
292300;Interior;Nova Viçosa;89ª CIPM - Mucuri;Extremo Sul;Extremo Sul;8ª COORPIN - TEIXEIRA DE FREITAS
292303;Interior;Novo Horizonte;29ª CIPM - Seabra;Chapada;Chapada Diamantina;13ª COORPIN - SEABRA
292305;Interior;Novo Triunfo;5º BPM - Euclides da Cunha;Nordeste;Semiárido;25ª COORPIN - EUCLIDES DA CUNHA
292310;Interior;Olindina;6ª CIPM - Rio Real;Leste;Litoral Norte Agreste Baiano;2ª COORPIN - ALAGOINHAS
292320;Interior;Oliveira Dos Brejinhos;28ª CIPM - Ibotirama;Meio-Oeste;Velho Chico;24ª COORPIN - BOM JESUS DA LAPA
292330;Interior;Ouriçangas;97ª CIPM - Irará;Leste;Portal do Sertão;2ª COORPIN - ALAGOINHAS
292335;Interior;Ourolândia;24ª CIPM - Jacobina;Chapada;Piemonte da Diamantina;16ª COORPIN - JACOBINA
292340;Interior;Palmas De Monte Alto;17º BPM - Guanambi;Sudoeste;Sertão Produtivo;22ª COORPIN - GUANAMBI
292350;Interior;Palmeiras;42ª CIPM - Lençóis;Chapada;Chapada Diamantina;13ª COORPIN - SEABRA
292360;Interior;Paramirim;46ª CIPM - Livramento de Nossa Senhora;Sudoeste;Sertão Produtivo;20ª COORPIN - BRUMADO
292370;Interior;Paratinga;28ª CIPM - Ibotirama;Meio-Oeste;Velho Chico;24ª COORPIN - BOM JESUS DA LAPA
292380;Interior;Paripiranga;21ª CIPM - Cipó;Nordeste;Semiárido;25ª COORPIN - EUCLIDES DA CUNHA
292390;Interior;Pau Brasil;62ª CIPM - Camacan;Sul;Litoral Sul;6ª COORPIN - ITABUNA
292400;Interior;Paulo Afonso;20º BPM - Paulo Afonso;Nordeste;Itaparica;18ª COORPIN - PAULO AFONSO
292405;Interior;Pé De Serra;90ª CIPM - Riachão do Jacuípe;Chapada;Bacia do Jacuípe;15ª COORPIN - SERRINHA
292410;Interior;Pedrão;4º BPM - Alagoinhas;Leste;Litoral Norte Agreste Baiano;2ª COORPIN - ALAGOINHAS
292420;Interior;Pedro Alexandre;20º BPM - Paulo Afonso;Nordeste;Itaparica;18ª COORPIN - PAULO AFONSO
292430;Interior;Piatã;29ª CIPM - Seabra;Chapada;Chapada Diamantina;13ª COORPIN - SEABRA
292440;Interior;Pilão Arcado;25ª CIPM - Casa Nova;Norte;Sertão do São Francisco;17ª COORPIN - JUAZEIRO
292450;Interior;Pindaí;17º BPM - Guanambi;Sudoeste;Sertão Produtivo;22ª COORPIN - GUANAMBI
292460;Interior;Pindobaçu;54ª CIPM - Campo Formoso;Norte;Piemonte Norte do Itapicuru;19ª COORPIN - SENHOR DO BONFIM
292465;Interior;Pintadas;98ª CIPM - Ipirá;Chapada;Bacia do Jacuípe;12ª COORPIN - ITABERABA
292467;Interior;Piraí Do Norte;60ª CIPM - Gandu;Recôncavo;Baixo Sul;5ª COORPIN - VALENÇA
292470;Interior;Piripá;80ª CIPM - Cândido Sales;Sudoeste;Sudoeste Baiano;10ª COORPIN - VITORIA DA CONQUISTA
292480;Interior;Piritiba;24ª CIPM - Jacobina;Chapada;Piemonte da Diamantina;16ª COORPIN - JACOBINA
292490;Interior;Planaltino;93ª CIPM - Maracás;Recôncavo;Vale do Jiquiriçá;9ª COORPIN - JEQUIE
292500;Interior;Planalto;79ª CIPM - Poções;Sudoeste;Sudoeste Baiano;10ª COORPIN - VITORIA DA CONQUISTA
292510;Interior;Poções;79ª CIPM - Poções;Sudoeste;Sudoeste Baiano;10ª COORPIN - VITORIA DA CONQUISTA
292520;RMS;Pojuca;32ª CIPM - Pojuca;RMS;25 - Pojuca;DT Pojuca
292525;Interior;Ponto Novo;6º BPM - Senhor do Bonfim;Norte;Piemonte Norte do Itapicuru;19ª COORPIN - SENHOR DO BONFIM
292530;Interior;Porto Seguro;8º BPM - Porto Seguro;Extremo Sul;Costa do Descobrimento;23ª COORPIN - EUNAPOLIS
292540;Interior;Potiraguá;8ª CIPM - Itapetinga;Sul;Médio Sudoeste da Bahia;21ª COORPIN - ITAPETINGA
292550;Interior;Prado;88ª CIPM - Alcobaça;Extremo Sul;Extremo Sul;8ª COORPIN - TEIXEIRA DE FREITAS
292560;Interior;Presidente Dutra;7º BPM - Irecê;Meio-Oeste;Irecê;14ª COORPIN - IRECE
292570;Interior;Presidente Jânio Quadros;79ª CIPM - Poções;Sudoeste;Sudoeste Baiano;20ª COORPIN - BRUMADO
292575;Interior;Presidente Tancredo Neves;60ª CIPM - Gandu;Recôncavo;Baixo Sul;5ª COORPIN - VALENÇA
292580;Interior;Queimadas;16º BPM - Serrinha;Nordeste;Sisal;19ª COORPIN - SENHOR DO BONFIM
292590;Interior;Quijingue;16º BPM - Serrinha;Nordeste;Sisal;25ª COORPIN - EUCLIDES DA CUNHA
292593;Interior;Quixabeira;91ª CIPM - Capim Grosso;Chapada;Bacia do Jacuípe;16ª COORPIN - JACOBINA
292595;Interior;Rafael Jambeiro;11º BPM - Itaberaba;Chapada;Piemonte do Paraguaçu;1ª COORPIN - FEIRA DE SANTANA
292600;Interior;Remanso;25ª CIPM - Casa Nova;Norte;Sertão do São Francisco;17ª COORPIN - JUAZEIRO
292610;Interior;Retirolândia;16º BPM - Serrinha;Nordeste;Sisal;15ª COORPIN - SERRINHA
292620;Interior;Riachão Das Neves;86ª CIPM - Formosa do Rio Preto;Oeste;Bacia do Rio Grande;11ª COORPIN - BARREIRAS
292630;Interior;Riachão Do Jacuípe;90ª CIPM - Riachão do Jacuípe;Chapada;Bacia do Jacuípe;15ª COORPIN - SERRINHA
292640;Interior;Riacho De Santana;38ª CIPM - Bom Jesus da Lapa;Meio-Oeste;Velho Chico;24ª COORPIN - BOM JESUS DA LAPA
292650;Interior;Ribeira Do Amparo;21ª CIPM - Cipó;Nordeste;Semiárido;25ª COORPIN - EUCLIDES DA CUNHA
292660;Interior;Ribeira Do Pombal;21ª CIPM - Cipó;Nordeste;Semiárido;25ª COORPIN - EUCLIDES DA CUNHA
292665;Interior;Ribeirão Do Largo;80ª CIPM - Cândido Sales;Sudoeste;Sudoeste Baiano;21ª COORPIN - ITAPETINGA
292670;Interior;Rio De Contas;46ª CIPM - Livramento de Nossa Senhora;Sudoeste;Sertão Produtivo;20ª COORPIN - BRUMADO
292680;Interior;Rio Do Antônio;24º BPM - Brumado;Sudoeste;Sertão Produtivo;20ª COORPIN - BRUMADO
292690;Interior;Rio Do Pires;4ª CIPM - Macaúbas;Meio-Oeste;Bacia do Paramirim;20ª COORPIN - BRUMADO
292700;Interior;Rio Real;6ª CIPM - Rio Real;Leste;Litoral Norte Agreste Baiano;2ª COORPIN - ALAGOINHAS
292710;Interior;Rodelas;20º BPM - Paulo Afonso;Nordeste;Itaparica;18ª COORPIN - PAULO AFONSO
292720;Interior;Ruy Barbosa;11º BPM - Itaberaba;Chapada;Piemonte do Paraguaçu;12ª COORPIN - ITABERABA
292730;RMS;Salinas Da Margarida;23º BPM - Vera Cruz;Recôncavo;Recôncavo;DEPOM
292750;Interior;Santa Bárbara;66ª CIPM - Feira de Santana;Leste;Portal do Sertão;15ª COORPIN - SERRINHA
292760;Interior;Santa Brígida;20º BPM - Paulo Afonso;Nordeste;Itaparica;18ª COORPIN - PAULO AFONSO
292770;Interior;Santa Cruz Cabrália;8º BPM - Porto Seguro;Extremo Sul;Costa do Descobrimento;23ª COORPIN - EUNAPOLIS
292780;Interior;Santa Cruz Da Vitória;8ª CIPM - Itapetinga;Sul;Médio Sudoeste da Bahia;6ª COORPIN - ITABUNA
292790;Interior;Santa Inês;19º BPM - Jequié;Sudoeste;Médio Rio de Contas;9ª COORPIN - JEQUIE
292800;Interior;Santaluz;16º BPM - Serrinha;Nordeste;Sisal;15ª COORPIN - SERRINHA
292805;Interior;Santa Luzia;62ª CIPM - Camacan;Sul;Litoral Sul;6ª COORPIN - ITABUNA
292810;Interior;Santa Maria Da Vitória;30ª CIPM - Santa Maria da Vitória;Oeste;Bacia do Rio Corrente;26ª COORPIN - SANTA MARIA DA VITORIA
292820;Interior;Santana;30ª CIPM - Santa Maria da Vitória;Oeste;Bacia do Rio Corrente;26ª COORPIN - SANTA MARIA DA VITORIA
292830;Interior;Santanópolis;97ª CIPM - Irará;Leste;Portal do Sertão;15ª COORPIN - SERRINHA
292840;Interior;Santa Rita De Cássia;86ª CIPM - Formosa do Rio Preto;Oeste;Bacia do Rio Grande;11ª COORPIN - BARREIRAS
292850;Interior;Santa Teresinha;11º BPM - Itaberaba;Chapada;Piemonte do Paraguaçu;4ª COORPIN - SANTO ANTONIO DE JESUS
292860;Interior;Santo Amaro;20ª CIPM - Santo Amaro;Recôncavo;Recôncavo;3ª COORPIN - SANTO AMARO
292870;Interior;Santo Antônio De Jesus;14º BPM - Santo Antônio de Jesus;Recôncavo;Recôncavo;4ª COORPIN - SANTO ANTONIO DE JESUS
292880;Interior;Santo Estêvão;57ª CIPM - Santo Estevão;Leste;Portal do Sertão;1ª COORPIN - FEIRA DE SANTANA
292890;Interior;São Desidério;85ª CIPM - Luís Eduardo;Oeste;Bacia do Rio Grande;11ª COORPIN - BARREIRAS
292895;Interior;São Domingos;16º BPM - Serrinha;Nordeste;Sisal;15ª COORPIN - SERRINHA
292900;Interior;São Félix;20ª CIPM - Santo Amaro;Recôncavo;Recôncavo;4ª COORPIN - SANTO ANTONIO DE JESUS
292905;Interior;São Félix Do Coribe;30ª CIPM - Santa Maria da Vitória;Oeste;Bacia do Rio Corrente;26ª COORPIN - SANTA MARIA DA VITORIA
292910;Interior;São Felipe;14º BPM - Santo Antônio de Jesus;Recôncavo;Recôncavo;4ª COORPIN - SANTO ANTONIO DE JESUS
292920;RMS;São Francisco Do Conde;10ª CIPM - Candeias;RMS;26 - Candeias;21ª DT São Francisco do Conde
292925;Interior;São Gabriel;7º BPM - Irecê;Meio-Oeste;Irecê;14ª COORPIN - IRECE
292930;Interior;São Gonçalo Dos Campos;67ª CIPM - Feira de Santana;Leste;Portal do Sertão;1ª COORPIN - FEIRA DE SANTANA
292935;Interior;São José Da Vitória;62ª CIPM - Camacan;Sul;Litoral Sul;6ª COORPIN - ITABUNA
292937;Interior;São José Do Jacuípe;91ª CIPM - Capim Grosso;Chapada;Bacia do Jacuípe;16ª COORPIN - JACOBINA
292940;Interior;São Miguel Das Matas;99ª CIPM - Amargosa;Recôncavo;Vale do Jiquiriçá;4ª COORPIN - SANTO ANTONIO DE JESUS
292950;RMS;São Sebastião do Passé;10ª CIPM - Candeias;RMS;26 - Candeias;DT de São Sebastião do Passé
292960;Interior;Sapeaçu;27ª CIPM - Cruz das Almas;Recôncavo;Recôncavo;4ª COORPIN - SANTO ANTONIO DE JESUS
292970;Interior;Sátiro Dias;4º BPM - Alagoinhas;Leste;Litoral Norte Agreste Baiano;2ª COORPIN - ALAGOINHAS
292975;Interior;Saubara;20ª CIPM - Santo Amaro;Recôncavo;Recôncavo;3ª COORPIN - SANTO AMARO
292980;Interior;Saúde;24ª CIPM - Jacobina;Chapada;Piemonte da Diamantina;16ª COORPIN - JACOBINA
292990;Interior;Seabra;29ª CIPM - Seabra;Chapada;Chapada Diamantina;13ª COORPIN - SEABRA
293000;Interior;Sebastião Laranjeiras;17º BPM - Guanambi;Sudoeste;Sertão Produtivo;22ª COORPIN - GUANAMBI
293010;Interior;Senhor Do Bonfim;6º BPM - Senhor do Bonfim;Norte;Piemonte Norte do Itapicuru;19ª COORPIN - SENHOR DO BONFIM
293015;Interior;Serra Do Ramalho;38ª CIPM - Bom Jesus da Lapa;Meio-Oeste;Velho Chico;24ª COORPIN - BOM JESUS DA LAPA
293020;Interior;Sento Sé;96ª CIPM - Sobradinho;Norte;Sertão do São Francisco;17ª COORPIN - JUAZEIRO
293030;Interior;Serra Dourada;30ª CIPM - Santa Maria da Vitória;Oeste;Bacia do Rio Corrente;26ª COORPIN - SANTA MARIA DA VITORIA
293040;Interior;Serra Preta;98ª CIPM - Ipirá;Chapada;Bacia do Jacuípe;1ª COORPIN - FEIRA DE SANTANA
293050;Interior;Serrinha;16º BPM - Serrinha;Nordeste;Sisal;15ª COORPIN - SERRINHA
293060;Interior;Serrolândia;24ª CIPM - Jacobina;Chapada;Piemonte da Diamantina;16ª COORPIN - JACOBINA
293070;RMS;Simões Filho;22ª CIPM - Simões Filho;RMS;24 - Simões Filho;22ª DT Simões Filho
293075;Interior;Sítio Do Mato;38ª CIPM - Bom Jesus da Lapa;Meio-Oeste;Velho Chico;24ª COORPIN - BOM JESUS DA LAPA
293076;Interior;Sítio Do Quinto;5º BPM - Euclides da Cunha;Nordeste;Semiárido;25ª COORPIN - EUCLIDES DA CUNHA
293077;Interior;Sobradinho;96ª CIPM - Sobradinho;Norte;Sertão do São Francisco;17ª COORPIN - JUAZEIRO
293080;Interior;Souto Soares;29ª CIPM - Seabra;Chapada;Chapada Diamantina;13ª COORPIN - SEABRA
293090;Interior;Tabocas Do Brejo Velho;30ª CIPM - Santa Maria da Vitória;Oeste;Bacia do Rio Corrente;26ª COORPIN - SANTA MARIA DA VITORIA
293100;Interior;Tanhaçu;24º BPM - Brumado;Sudoeste;Sertão Produtivo;20ª COORPIN - BRUMADO
293105;Interior;Tanque Novo;94ª CIPM - Caetité;Sudoeste;Sertão Produtivo;22ª COORPIN - GUANAMBI
293110;Interior;Tanquinho;65ª CIPM - Feira de Santana;Leste;Portal do Sertão;1ª COORPIN - FEIRA DE SANTANA
293120;Interior;Taperoá;33ª CIPM - Valença;Recôncavo;Baixo Sul;5ª COORPIN - VALENÇA
293130;Interior;Tapiramutá;24ª CIPM - Jacobina;Chapada;Piemonte da Diamantina;16ª COORPIN - JACOBINA
293135;Interior;Teixeira De Freitas;87ª CIPM - Texeira de Freitas;Extremo Sul;Extremo Sul;8ª COORPIN - TEIXEIRA DE FREITAS
293140;Interior;Teodoro Sampaio;97ª CIPM - Irará;Leste;Portal do Sertão;3ª COORPIN - SANTO AMARO
293150;Interior;Teofilândia;16º BPM - Serrinha;Nordeste;Sisal;15ª COORPIN - SERRINHA
293160;Interior;Teolândia;60ª CIPM - Gandu;Recôncavo;Baixo Sul;5ª COORPIN - VALENÇA
293170;Interior;Terra Nova;97ª CIPM - Irará;Leste;Portal do Sertão;3ª COORPIN - SANTO AMARO
293180;Interior;Tremedal;80ª CIPM - Cândido Sales;Sudoeste;Sudoeste Baiano;10ª COORPIN - VITORIA DA CONQUISTA
293190;Interior;Tucano;5º BPM - Euclides da Cunha;Nordeste;Semiárido;25ª COORPIN - EUCLIDES DA CUNHA
293200;Interior;Uauá;45ª CIPM - Curaçá;Norte;Sertão do São Francisco;17ª COORPIN - JUAZEIRO
293210;Interior;Ubaíra;99ª CIPM - Amargosa;Recôncavo;Vale do Jiquiriçá;4ª COORPIN - SANTO ANTONIO DE JESUS
293220;Interior;Ubaitaba;61ª CIPM - Ubaitaba;Sul;Litoral Sul;7ª COORPIN - ILHEUS
293230;Interior;Ubatã;55ª CIPM - Ipiaú;Sudoeste;Médio Rio de Contas;7ª COORPIN - ILHEUS
293240;Interior;Uibaí;7º BPM - Irecê;Meio-Oeste;Irecê;14ª COORPIN - IRECE
293245;Interior;Umburanas;24ª CIPM - Jacobina;Chapada;Piemonte da Diamantina;16ª COORPIN - JACOBINA
293250;Interior;Una;71ª CIPM - Canavieiras;Sul;Litoral Sul;7ª COORPIN - ILHEUS
293260;Interior;Urandi;17º BPM - Guanambi;Sudoeste;Sertão Produtivo;22ª COORPIN - GUANAMBI
293270;Interior;Uruçuca;72ª CIPM - Itacaré;Sul;Litoral Sul;7ª COORPIN - ILHEUS
293280;Interior;Utinga;42ª CIPM - Lençóis;Chapada;Chapada Diamantina;12ª COORPIN - ITABERABA
293290;Interior;Valença;33ª CIPM - Valença;Recôncavo;Baixo Sul;5ª COORPIN - VALENÇA
293300;Interior;Valente;16º BPM - Serrinha;Nordeste;Sisal;15ª COORPIN - SERRINHA
293305;Interior;Várzea Da Roça;91ª CIPM - Capim Grosso;Chapada;Bacia do Jacuípe;16ª COORPIN - JACOBINA
293310;Interior;Várzea Do Poço;91ª CIPM - Capim Grosso;Chapada;Bacia do Jacuípe;16ª COORPIN - JACOBINA
293315;Interior;Várzea Nova;24ª CIPM - Jacobina;Chapada;Piemonte da Diamantina;16ª COORPIN - JACOBINA
293317;Interior;Varzedo;14º BPM - Santo Antônio de Jesus;Recôncavo;Recôncavo;4ª COORPIN - SANTO ANTONIO DE JESUS
293320;RMS;Vera Cruz;23º BPM - Vera Cruz;Recôncavo;Recôncavo;DEPOM - 24ª DT Vera Cruz
293325;Interior;Vereda;44ª CIPM - Medeiros Neto;Extremo Sul;Extremo Sul;8ª COORPIN - TEIXEIRA DE FREITAS
293330;Interior;Vitória Da Conquista;77ª, 78ª e 92ª CIPM - Vitória da Conquista;Sudoeste;Sudoeste Baiano;10ª COORPIN - VITORIA DA CONQUISTA
293340;Interior;Wagner;42ª CIPM - Lençóis;Chapada;Chapada Diamantina;12ª COORPIN - ITABERABA
293345;Interior;Wanderley;84ª CIPM - Barreiras;Oeste;Bacia do Rio Grande;11ª COORPIN - BARREIRAS
293350;Interior;Wenceslau Guimarães;60ª CIPM - Gandu;Recôncavo;Baixo Sul;5ª COORPIN - VALENÇA
293360;Interior;Xique-Xique;7º BPM - Irecê;Meio-Oeste;Irecê;14ª COORPIN - IRECE
